side,match_rule,ciaa_serial,ciaa_decision_date_bs,ciaa_filing_date_bs,ngm_case_number,ngm_reg_date_bs,ngm_case_type
MATCH,exact,1,,२०७१।४।५,071-CR-0001,2071-04-05,नक्कली प्रमाण पत्र
MATCH,exact,2,,२०७१।४।१२,071-CR-0008,2071-04-12,नक्कली प्रमाण पत्र
MATCH,exact,3,,२०७१।४।१४,071-CR-0009,2071-04-14,नक्कली प्रमाण पत्र
MATCH,exact,4,,२०७१।४।१९,071-CR-0015,2071-04-19,नक्कली प्रमाण पत्र
MATCH,exact,5,,२०७१।४।२३,071-CR-0020,2071-04-23,नक्कली प्रमाण पत्र
MATCH,exact,6,,२०७१।४।३०,071-CR-0026,2071-04-30,नक्कली प्रमाण पत्र
MATCH,exact,7,,२०७१।४।३०,071-CR-0027,2071-04-30,नक्कली प्रमाण पत्र
MATCH,exact,8,,२०७१।५।५,071-CR-0033,2071-05-05,नक्कली प्रमाण पत्र
MATCH,exact,9,,२०७१।५।५,071-CR-0032,2071-05-05,नक्कली प्रमाण पत्र
MATCH,exact,10,,२०७१।५।६,071-CR-0035,2071-05-06,नक्कली प्रमाण पत्र
MATCH,exact,11,,२०७१।५।८,071-CR-0037,2071-05-08,नक्कली प्रमाण पत्र
MATCH,exact,12,,२०७१।५।८,071-CR-0036,2071-05-08,नक्कली प्रमाण पत्र
MATCH,exact,13,,२०७१।५।१०,071-CR-0039,2071-05-10,नक्कली प्रमाण पत्र
MATCH,exact,14,,२०७१।५।१०,071-CR-0040,2071-05-10,नक्कली प्रमाण पत्र
MATCH,exact,15,,२०७१।५।११,071-CR-0041,2071-05-11,नक्कली प्रमाण पत्र
MATCH,exact,16,,२०७१।५।१२,071-CR-0042,2071-05-12,नक्कली प्रमाण पत्र
MATCH,exact,17,,२०७१।५।१३,071-CR-0044,2071-05-13,नक्कली प्रमाण पत्र
MATCH,subset,18,,२०७१।५।१५,071-CR-0047,2071-05-15,नक्कली प्रमाण पत्र
MATCH,exact,19,,२०७१।५।१६,071-CR-0049,2071-05-16,नक्कली प्रमाण पत्र
MATCH,exact,20,,२०७१।५।१६,071-CR-0050,2071-05-18,नक्कली प्रमाण पत्र
MATCH,exact,21,,२०७१।५।१९,071-CR-0052,2071-05-19,नक्कली प्रमाण पत्र
MATCH,subset,22,,२०७१।५।२४,071-CR-0056,2071-05-24,नक्कली प्रमाण पत्र
MATCH,exact,23,,२०७१।५।२५,071-CR-0058,2071-05-25,नक्कली प्रमाण पत्र
MATCH,exact,24,,२०७१।५।२६,071-CR-0059,2071-05-26,नक्कली प्रमाण पत्र
MATCH,exact,25,,२०७१।५।२७,071-CR-0066,2071-05-27,नक्कली प्रमाण पत्र
MATCH,exact,26,,२०७१।५।३०,071-CR-0070,2071-05-30,नक्कली प्रमाण पत्र
MATCH,exact,27,,२०७१।६।१,071-CR-0072,2071-06-01,नक्कली प्रमाण पत्र
MATCH,exact,28,,२०७१।६।२,071-CR-0074,2071-06-02,नक्कली प्रमाण पत्र
MATCH,subset,29,,२०७१।६।२,071-CR-0077,2071-06-03,नक्कली प्रमाण पत्र
MATCH,exact,30,,२०७१।६।५,071-CR-0078,2071-06-05,नक्कली प्रमाण पत्र
MATCH,exact,31,,२०७१।६।६,071-CR-0081,2071-06-06,नक्कली प्रमाण पत्र
MATCH,exact,32,,२०७१।६।६,071-CR-0082,2071-06-06,नक्कली प्रमाण पत्र
MATCH,exact,33,,२०७१।६।७,071-CR-0086,2071-06-07,नक्कली प्रमाण पत्र
MATCH,exact,34,,२०७१।६।८,071-CR-0090,2071-06-08,नक्कली प्रमाण पत्र
MATCH,exact,35,,२०७१।६।२२,071-CR-0092,2071-06-22,नक्कली प्रमाण पत्र
MATCH,exact,36,,२०७१।६।२२,071-CR-0095,2071-06-23,नक्कली प्रमाण पत्र
MATCH,exact,37,,२०७१।६।२४,071-CR-0097,2071-06-24,नक्कली प्रमाण पत्र
MATCH,exact,38,,२०७१।६।२२,071-CR-0098,2071-06-26,नक्कली प्रमाण पत्र
MATCH,exact,39,,२०७१।६।२७,071-CR-0101,2071-06-27,नक्कली प्रमाण पत्र
MATCH,exact,40,,२०७१।६।२८,071-CR-0103,2071-06-28,नक्कली प्रमाण पत्र
MATCH,exact,41,,२०७१।६।२९,071-CR-0105,2071-06-29,नक्कली प्रमाण पत्र
MATCH,exact,42,,२०७१।६।३०,071-CR-0107,2071-06-30,नक्कली प्रमाण पत्र
MATCH,exact,43,,२०७१।६।३१,071-CR-0109,2071-06-31,नक्कली प्रमाण पत्र
MATCH,exact,44,,२०७१।७।२,071-CR-0110,2071-07-02,नक्कली प्रमाण पत्र
MATCH,exact,45,,२०७१।७।३,071-CR-0112,2071-07-03,नक्कली प्रमाण पत्र
MATCH,manual_verified,46,,२०७१।७।४,071-CR-0114,2071-07-04,नक्कली प्रमाण पत्र
MATCH,exact,47,,२०७१।७।५,071-CR-0117,2071-07-05,नक्कली प्रमाण पत्र
MATCH,exact,48,,२०७१।७।१३,071-CR-0123,2071-07-13,नक्कली प्रमाण पत्र
MATCH,exact,49,,२०७१।७।१४,071-CR-0124,2071-07-14,नक्कली प्रमाण पत्र
MATCH,exact,50,,२०७१।७।१८,071-CR-0131,2071-07-18,नक्कली प्रमाण पत्र
MATCH,exact,51,,२०७१।७।१९,071-CR-0133,2071-07-19,नक्कली प्रमाण पत्र
MATCH,exact,52,,२०७१।७।२०,071-CR-0135,2071-07-20,नक्कली प्रमाण पत्र
MATCH,exact,53,,२०७१।७।२१,071-CR-0138,2071-07-21,नक्कली प्रमाण पत्र
MATCH,exact,54,,२०७१।७।२३,071-CR-0140,2071-07-23,नक्कली प्रमाण पत्र
MATCH,exact,55,,२०७१।७।२४,071-CR-0141,2071-07-24,नक्कली प्रमाण पत्र
MATCH,fuzzy,56,,२०७१।७।२५,071-CR-0144,2071-07-25,नक्कली प्रमाण पत्र
MATCH,exact,57,,२०७१।८।१७,071-CR-0169,2071-08-17,नक्कली प्रमाण पत्र
MATCH,surname_given,58,,२०७१।८।१८,071-CR-0172,2071-08-18,नक्कली प्रमाण पत्र
MATCH,exact,59,,२०७१।८।१९,071-CR-0174,2071-08-19,नक्कली प्रमाण पत्र
MATCH,exact,60,,२०७१।८।२३,071-CR-0179,2071-08-23,नक्कली प्रमाण पत्र
MATCH,exact,61,,२०७१।८।२५,071-CR-0184,2071-08-25,नक्कली प्रमाण पत्र
MATCH,exact,62,,२०७१।८।२६,071-CR-0185,2071-08-26,नक्कली प्रमाण पत्र
MATCH,exact,63,,२०७१।८।२८,071-CR-0188,2071-08-28,नक्कली प्रमाण पत्र
MATCH,exact,64,,२०७१।८।२९,071-CR-0189,2071-08-29,नक्कली प्रमाण पत्र
MATCH,exact,65,,२०७१।९।१,071-CR-0191,2071-09-01,नक्कली प्रमाण पत्र
MATCH,exact,66,,२०७१।९।३,071-CR-0194,2071-09-03,नक्कली प्रमाण पत्र
MATCH,exact,67,,२०७१।९।६,071-CR-0196,2071-09-06,नक्कली प्रमाण पत्र
MATCH,exact,68,,२०७१।९।८,071-CR-0198,2071-09-08,नक्कली प्रमाण पत्र
MATCH,exact,69,,२०७१।९।११,071-CR-0200,2071-09-11,नक्कली प्रमाण पत्र
MATCH,exact,70,,२०७१।९।१७,071-CR-0204,2071-09-17,नक्कली प्रमाण पत्र
MATCH,subset,71,,२०७१।९।२१,071-CR-0207,2071-09-21,नक्कली प्रमाण पत्र
MATCH,exact,72,,२०७१।९।२३,071-CR-0209,2071-09-23,नक्कली प्रमाण पत्र
MATCH,exact,73,,२०७१।९।२५,071-CR-0211,2071-09-25,नक्कली प्रमाण पत्र
MATCH,exact,74,,२०७१।९।२७,071-CR-0212,2071-09-27,नक्कली प्रमाण पत्र
MATCH,exact,75,,२०७१।९।३०,071-CR-0216,2071-09-30,नक्कली प्रमाण पत्र
MATCH,exact,76,,२०७१।१०।४,071-CR-0218,2071-10-04,नक्कली प्रमाण पत्र
MATCH,exact,77,,२०७१।१०।६,071-CR-0220,2071-10-06,नक्कली प्रमाण पत्र
MATCH,exact,78,,२०७१।१०।११,071-CR-0223,2071-10-11,नक्कली प्रमाण पत्र
MATCH,exact,79,,२०७१।१०।१३,071-CR-0225,2071-10-13,नक्कली प्रमाण पत्र
MATCH,fuzzy,80,,२०७१।१०।१४,071-CR-0226,2071-10-14,नक्कली प्रमाण पत्र
MATCH,exact,81,,२०७१।११।१३,071-CR-0247,2071-11-13,नक्कली प्रमाण पत्र
MATCH,exact,82,,२०७१।११।१७,071-CR-0250,2071-11-17,नक्कली प्रमाण पत्र
MATCH,exact,83,,२०७१।११।२८,071-CR-0259,2071-11-28,नक्कली प्रमाण पत्र
MATCH,exact,84,,२०७१।११।२९,071-CR-0261,2071-11-29,नक्कली प्रमाण पत्र
MATCH,exact,85,,२०७१।१२।१५,071-CR-0270,2071-12-05,नक्कली प्रमाण पत्र
MATCH,exact,86,,२०७१।१२।१६,071-CR-0276,2071-12-16,नक्कली प्रमाण पत्र
MATCH,exact,87,,२०७१।१२।१७,071-CR-0277,2071-12-17,नक्कली प्रमाण पत्र
MATCH,exact,88,,२०७१।१२।१७,071-CR-0278,2071-12-17,नक्कली प्रमाण पत्र
MATCH,fuzzy,89,,२०७१।१२।१८,071-CR-0281,2071-12-18,नक्कली प्रमाण पत्र
MATCH,exact,90,,२०७१।१२।२६,071-CR-0288,2071-12-26,नक्कली प्रमाण पत्र
MATCH,exact,91,,२०७२।१।१२,071-CR-0292,2072-01-02,नक्कली प्रमाण पत्र
MATCH,exact,92,,२०७२।१।१३,071-CR-0293,2072-01-03,नक्कली प्रमाण पत्र
MATCH,exact,93,,२०७२।१।१६,071-CR-0294,2072-01-06,नक्कली प्रमाण पत्र
MATCH,exact,94,,२०७२।१।१७,071-CR-0295,2072-01-07,नक्कली प्रमाण पत्र
MATCH,exact,95,,२०७२।३।६,071-CR-0307,2072-03-06,नक्कली प्रमाण पत्र
MATCH,exact,96,,२०७२।३।११,071-CR-0313,2072-03-11,नक्कली प्रमाण पत्र
NGM_ONLY,,,,,071-CR-0308,2072-03-07,गलत लिखत तयार गरेको
NGM_ONLY,,,,,071-CR-0308,2072-03-07,गलत लिखत तयार गरेको
NGM_ONLY,,,,,071-CR-0031,2071-05-04,नक्कली प्रमाण पत्र
NGM_ONLY,,,,,071-CR-0134,2071-07-19,नक्कली प्रमाण पत्र
NGM_ONLY,,,,,071-CR-0147,2071-07-26,नक्कली प्रमाण पत्र
