case_number,registration_date_bs,fiscal_year,case_type,excluded_as
069-CR-0001,2069-04-03,2069/70,सम्पत्ति शुद्धीकरण,money_laundering
069-CR-0002,2069-04-03,2069/70,सम्पत्ति शुद्धीकरण,money_laundering
069-CR-0020,2069-05-25,2069/70,सम्पत्ति शुद्धीकरण,money_laundering
069-CR-0025,2069-05-31,2069/70,अनियमित रुपमा वन कटान,other_agency
069-CR-0026,2069-05-31,2069/70,वनमासी,other_agency
069-CR-0027,2069-05-31,2069/70,वनमासी,other_agency
069-CR-0032,2069-06-14,2069/70,सम्पत्ति शुद्धीकरण,money_laundering
069-CR-0034,2069-06-15,2069/70,निर्णय वदर,nirnaya_vadar
069-CR-0040,2069-06-22,2069/70,अनियमित रुपमा वन कटान,other_agency
069-CR-0045,2069-06-29,2069/70,सम्पत्ति शुद्धीकरण,money_laundering
069-CR-0046,2069-07-17,2069/70,लागु औषध,other_agency
069-CR-0047,2069-07-17,2069/70,जिउ मास्ने वेच्ने,other_agency
069-CR-0053,2069-09-17,2069/70,वनमासी,other_agency
069-CR-0055,2069-09-20,2069/70,सम्पत्ति शुद्धीकरण,money_laundering
069-CR-0056,2069-09-20,2069/70,निर्णय वदर,nirnaya_vadar
069-CR-0058,2069-10-12,2069/70,निर्णय वदर,nirnaya_vadar
069-CR-0071,2069-11-13,2069/70,सम्पत्ति शुद्धीकरण,money_laundering
069-CR-0083,2069-12-19,2069/70,निर्णय वदर,nirnaya_vadar
069-CR-0088,2069-12-30,2069/70,निर्णय वदर,nirnaya_vadar
069-CR-0090,2070-01-02,2069/70,निर्णय वदर,nirnaya_vadar
069-CR-0098,2070-01-30,2069/70,सम्पत्ति शुद्धीकरण,money_laundering
069-CR-0100,2070-02-05,2069/70,सम्पत्ति शुद्धीकरण,money_laundering
069-CR-0101,2070-02-05,2069/70,सम्पत्ति शुद्धीकरण,money_laundering
069-CR-0102,2070-02-05,2069/70,सम्पत्ति शुद्धीकरण,money_laundering
069-CR-0103,2070-02-05,2069/70,सम्पत्ति शुद्धीकरण,money_laundering
069-CR-0104,2070-02-05,2069/70,सम्पत्ति शुद्धीकरण,money_laundering
070-CR-0004,2070-04-08,2070/71,सम्पत्ति शुद्धीकरण,money_laundering
070-CR-0021,2070-05-16,2070/71,सम्पत्ति शुद्धीकरण,money_laundering
070-CR-0035,2070-06-08,2070/71,अनियमित रुपमा वन कटान,other_agency
070-CR-0038,2070-06-18,2070/71,निर्णय वदर,nirnaya_vadar
070-CR-0039,2070-07-03,2070/71,निर्णय वदर,nirnaya_vadar
070-CR-0040,2070-07-03,2070/71,निर्णय वदर,nirnaya_vadar
070-CR-0041,2070-07-03,2070/71,निर्णय वदर,nirnaya_vadar
070-CR-0048,2070-08-21,2070/71,सम्पत्ति शुद्धीकरण,money_laundering
070-CR-0055,2070-09-05,2070/71,अनियमित रुपमा वन कटान,other_agency
070-CR-0075,2070-09-28,2070/71,सम्पत्ति शुद्धीकरण,money_laundering
070-CR-0078,2070-10-10,2070/71,निर्णय वदर,nirnaya_vadar
070-CR-0085,2070-10-22,2070/71,निर्णय वदर,nirnaya_vadar
070-CR-0086,2070-10-22,2070/71,निर्णय वदर,nirnaya_vadar
070-CR-0089,2070-10-27,2070/71,निर्णय वदर,nirnaya_vadar
070-CR-0095,2070-11-12,2070/71,निर्णय वदर,nirnaya_vadar
070-CR-0097,2070-11-19,2070/71,निर्णय वदर,nirnaya_vadar
070-CR-0110,2070-12-17,2070/71,निर्णय वदर,nirnaya_vadar
070-CR-0115,2070-12-27,2070/71,निर्णय वदर,nirnaya_vadar
070-CR-0158,2071-02-19,2070/71,अनियमित रुपमा वन कटान,other_agency
070-CR-0182,2071-03-16,2070/71,निर्णय वदर,nirnaya_vadar
070-CR-0188,2071-03-29,2070/71,आतङककारी कृयाकलापमा वित्तिय लगानी,money_laundering
071-CR-0010,2071-04-14,2071/72,सम्पत्ति शुद्धीकरण,money_laundering
071-CR-0017,2071-04-20,2071/72,विदेशी मुद्रा तथा उपकरणहरु अपचलन,other_agency
071-CR-0093,2071-06-22,2071/72,राज्य विरुद्धको अपराध,other_agency
071-CR-0130,2071-07-18,2071/72,निर्णय वदर,nirnaya_vadar
071-CR-0154,2071-08-01,2071/72,निर्णय वदर,nirnaya_vadar
071-CR-0214,2071-09-28,2071/72,निर्णय वदर,nirnaya_vadar
071-CR-0299,2072-02-04,2071/72,निर्णय वदर,nirnaya_vadar
071-CR-0304,2072-02-28,2071/72,निर्णय वदर,nirnaya_vadar
071-CR-0318,2072-03-25,2071/72,निर्णय वदर,nirnaya_vadar
072-CR-0002,2072-04-06,2072/73,निर्णय वदर,nirnaya_vadar
072-CR-0028,2072-05-21,2072/73,निर्णय वदर,nirnaya_vadar
072-CR-0035,2072-07-22,2072/73,राज्य विरुद्धको अपराध,other_agency
072-CR-0053,2072-10-12,2072/73,राज्य विरुद्धको अपराध,other_agency
072-CR-0054,2072-10-15,2072/73,सम्पत्ति शुद्धीकरण,money_laundering
072-CR-0073,2072-11-12,2072/73,सम्पत्ति शुद्धीकरण,money_laundering
072-CR-0081,2072-11-30,2072/73,राज्य विरुद्धको अपराध,other_agency
072-CR-0082,2072-11-30,2072/73,राज्य विरुद्धको अपराध,other_agency
072-CR-0089,2072-12-08,2072/73,निर्णय वदर,nirnaya_vadar
072-CR-0101,2072-12-30,2072/73,राज्य विरुद्धको अपराध,other_agency
072-CR-0107,2073-01-20,2072/73,सम्पत्ति शुद्धीकरण,money_laundering
072-CR-0122,2073-02-13,2072/73,सम्पत्ति शुद्धीकरण,money_laundering
073-CR-0003,2073-04-17,2073/74,सम्पत्ति शुद्धीकरण,money_laundering
073-CR-0010,2073-04-24,2073/74,निर्णय वदर,nirnaya_vadar
073-CR-0057,2073-07-25,2073/74,निर्णय वदर,nirnaya_vadar
073-CR-0061,2073-08-07,2073/74,सम्पत्ति शुद्धीकरण,money_laundering
073-CR-0066,2073-08-10,2073/74,राज्य विरुद्धको अपराध,other_agency
073-CR-0082,2073-09-08,2073/74,राज्य विरुद्धको अपराध,other_agency
073-CR-0107,2073-11-18,2073/74,सम्पत्ति शुद्धीकरण,money_laundering
073-CR-0114,2073-12-13,2073/74,सम्पत्ति शुद्धीकरण,money_laundering
073-CR-0134,2074-01-24,2073/74,सम्पत्ति शुद्धीकरण,money_laundering
073-CR-0143,2074-02-23,2073/74,सम्पत्ति शुद्धीकरण,money_laundering
074-CR-0028,2074-05-25,2074/75,सम्पत्ति शुद्धीकरण,money_laundering
074-CR-0102,2074-12-16,2074/75,सम्पत्ति शुद्धीकरण,money_laundering
074-CR-0181,2075-03-12,2074/75,सम्पत्ति शुद्धीकरण,money_laundering
074-CR-0195,2075-03-26,2074/75,सम्पत्ति शुद्धीकरण,money_laundering
075-CR-0004,2075-04-04,2075/76,सम्पत्ति शुद्धीकरण,money_laundering
075-CR-0088,2075-07-08,2075/76,सम्पत्ति शुद्धीकरण,money_laundering
075-CR-0094,2075-07-13,2075/76,सम्पत्ति शुद्धीकरण,money_laundering
075-CR-0130,2075-09-01,2075/76,सम्पत्ति शुद्धीकरण,money_laundering
075-CR-0186,2075-11-13,2075/76,सम्पत्ति शुद्धीकरण,money_laundering
075-CR-0252,2076-01-11,2075/76,सम्पत्ति शुद्धीकरण,money_laundering
075-CR-0259,2076-01-16,2075/76,सम्पत्ति शुद्धीकरण,money_laundering
075-CR-0273,2076-02-01,2075/76,अनियमित रुपमा वन कटान,other_agency
075-CR-0277,2076-02-02,2075/76,सम्पत्ति शुद्धीकरण,money_laundering
075-CR-0283,2076-02-05,2075/76,सम्पत्ति शुद्धीकरण,money_laundering
075-CR-0304,2076-02-17,2075/76,पुनराबेदन ( निर्णय वदर ),nirnaya_vadar
075-CR-0330,2076-03-09,2075/76,लागु औषध,other_agency
075-CR-0331,2076-03-09,2075/76,लागु औषध,other_agency
076-CR-0012,2076-04-19,2076/77,सम्पत्ति शुद्धीकरण,money_laundering
076-CR-0031,2076-05-01,2076/77,सम्पत्ति शुद्धीकरण,money_laundering
076-CR-0064,2076-05-20,2076/77,सम्पत्ति शुद्धीकरण,money_laundering
076-CR-0099,2076-06-05,2076/77,सम्पत्ति शुद्धीकरण,money_laundering
076-CR-0120,2076-06-29,2076/77,सम्पत्ति शुद्धीकरण,money_laundering
076-CR-0125,2076-07-03,2076/77,सम्पत्ति शुद्धीकरण,money_laundering
076-CR-0155,2076-08-06,2076/77,सम्पत्ति शुद्धीकरण,money_laundering
076-CR-0333,2076-11-30,2076/77,सम्पत्ति शुद्धीकरण,money_laundering
076-CR-0354,2077-01-02,2076/77,सम्पत्ति शुद्धीकरण,money_laundering
076-CR-0391,2077-03-03,2076/77,सम्पत्ति शुद्धीकरण,money_laundering
077-CR-0018,2077-05-21,2077/78,सम्पत्ति शुद्धीकरण,money_laundering
077-CR-0021,2077-06-06,2077/78,सम्पत्ति शुद्धीकरण,money_laundering
077-CR-0022,2077-06-08,2077/78,सम्पत्ति शुद्धीकरण,money_laundering
077-CR-0025,2077-06-19,2077/78,सम्पत्ति शुद्धीकरण,money_laundering
077-CR-0034,2077-06-29,2077/78,सम्पत्ति शुद्धीकरण,money_laundering
077-CR-0060,2077-09-14,2077/78,सम्पत्ति शुद्धीकरण,money_laundering
077-CR-0065,2077-09-20,2077/78,सम्पत्ति शुद्धीकरण,money_laundering
077-CR-0067,2077-09-28,2077/78,सम्पत्ति शुद्धीकरण,money_laundering
077-CR-0075,2077-10-21,2077/78,सम्पत्ति शुद्धीकरण,money_laundering
077-CR-0102,2077-12-12,2077/78,सम्पत्ति शुद्धीकरण,money_laundering
077-CR-0103,2077-12-13,2077/78,सम्पत्ति शुद्धीकरण,money_laundering
077-CR-0105,2077-12-19,2077/78,सम्पत्ति शुद्धीकरण,money_laundering
077-CR-0114,2078-01-20,2077/78,सम्पत्ति शुद्धीकरण,money_laundering
077-CR-0115,2078-01-27,2077/78,सम्पत्ति शुद्धीकरण,money_laundering
078-CR-0032,2078-08-29,2078/79,सम्पत्ति शुद्धीकरण,money_laundering
078-CR-0049,2078-10-27,2078/79,सम्पत्ति शुद्धीकरण,money_laundering
078-CR-0124,2079-03-21,2078/79,सम्पत्ति शुद्धीकरण,money_laundering
079-CR-0007,2079-04-20,2079/80,सम्पत्ति शुद्धीकरण,money_laundering
079-CR-0018,2079-04-29,2079/80,सम्पत्ति शुद्धीकरण,money_laundering
079-CR-0022,2079-05-16,2079/80,सम्पत्ति शुद्धीकरण,money_laundering
079-CR-0032,2079-06-06,2079/80,सम्पत्ति शुद्धीकरण,money_laundering
079-CR-0045,2079-07-15,2079/80,सम्पत्ति शुद्धीकरण,money_laundering
079-CR-0078,2079-10-03,2079/80,सम्पत्ति शुद्धीकरण,money_laundering
079-CR-0079,2079-10-04,2079/80,सम्पत्ति शुद्धीकरण,money_laundering
079-CR-0098,2079-11-04,2079/80,सम्पत्ति शुद्धीकरण,money_laundering
079-CR-0142,2080-02-16,2079/80,सम्पत्ति शुद्धीकरण,money_laundering
079-CR-0163,2080-03-17,2079/80,सम्पत्ति शुद्धीकरण,money_laundering
079-CR-0170,2080-03-21,2079/80,सम्पत्ति शुद्धीकरण,money_laundering
080-CR-0011,2080-04-16,2080/81,सम्पत्ति शुद्धीकरण,money_laundering
080-CR-0055,2080-06-23,2080/81,सम्पत्ति शुद्धीकरण,money_laundering
080-CR-0063,2080-07-23,2080/81,सम्पत्ति शुद्धीकरण,money_laundering
080-CR-0095,2080-10-22,2080/81,सम्पत्ति शुद्धीकरण,money_laundering
080-CR-0096,2080-10-23,2080/81,सम्पत्ति शुद्धीकरण,money_laundering
080-CR-0105,2080-11-03,2080/81,निर्णय वदर,nirnaya_vadar
080-CR-0134,2080-12-05,2080/81,सम्पत्ति शुद्धीकरण,money_laundering
080-CR-0135,2080-12-06,2080/81,सम्पत्ति शुद्धीकरण,money_laundering
080-CR-0155,2081-01-02,2080/81,सम्पत्ति शुद्धीकरण,money_laundering
081-CR-0022,2081-05-28,2081/82,सम्पत्ति शुद्धीकरण,money_laundering
081-CR-0040,2081-09-05,2081/82,निर्णय वदर,nirnaya_vadar
081-CR-0044,2081-09-14,2081/82,सम्पत्ति शुद्धीकरण,money_laundering
081-CR-0131,2082-03-10,2081/82,अदालतको अवहेलना,other_agency
082-CR-0001,2082-04-12,2082/83,सम्पत्ति शुद्धीकरण,money_laundering
082-CR-0053,2082-08-25,2082/83,रिसवत(घुस) र सम्पत्ति शुद्धीकरण,money_laundering
082-CR-0103,2082-12-01,2082/83,रिसवत(घुस) र सम्पत्ति शुद्धीकरण,money_laundering
082-CR-0118,2082-12-23,2082/83,सम्पत्ति शुद्धीकरण,money_laundering
082-CR-0128,2083-01-08,2082/83,रिसवत(घुस) र सम्पत्ति शुद्धीकरण,money_laundering
082-CR-0146,2083-02-05,2082/83,रिसवत(घुस) र सम्पत्ति शुद्धीकरण,money_laundering
082-CR-0154,2083-02-28,2082/83,सम्पत्ति शुद्धीकरण,money_laundering
082-CR-0179,2083-03-32,2082/83,सम्पत्ति शुद्धीकरण,money_laundering
